ts,total,USDC,Cash_Polymarket
2025-11-04T02:51:18Z,354,313,41
2025-11-04T02:51:18Z,354,313,41
2025-11-04T03:00:40Z,354,313,41
2025-11-04T03:01:18Z,354,313,41
2025-11-04T03:01:45Z,354,313,41
2025-11-04T03:02:31Z,361,320,41
2025-11-04T03:03:20Z,354,313,41
2025-11-04T03:03:51Z,361,320,41
2025-11-04T03:03:58Z,361,320,41
2025-11-04T03:05:17Z,391,350,41
2025-11-04T03:05:50Z,391,350,41
2025-11-04T03:06:20Z,391,350,41
2025-11-04T03:06:50Z,391,350,41
2025-11-04T03:07:21Z,391,350,41
2025-11-04T03:07:37Z,391,350,41
2025-11-04T03:07:51Z,391,350,41
2025-11-04T03:08:21Z,391,350,41
2025-11-04T03:08:52Z,391,350,41
2025-11-04T03:09:22Z,391,350,41
2025-11-04T03:09:53Z,391,350,41
2025-11-04T03:10:23Z,391,350,41
2025-11-04T03:10:53Z,391,350,41
2025-11-04T03:11:24Z,391,350,41
2025-11-04T03:11:54Z,391,350,41
2025-11-04T03:12:04Z,391,350,41
2025-11-04T03:12:24Z,391,350,41
2025-11-04T03:12:55Z,391,350,41
2025-11-04T03:13:25Z,391,350,41
2025-11-04T03:13:54Z,391,350,41
2025-11-04T03:13:56Z,391,350,41
2025-11-04T03:13:58Z,391,350,41
2025-11-04T03:14:26Z,391,350,41
2025-11-04T03:14:56Z,391,350,41
2025-11-04T03:15:27Z,391,350,41
2025-11-04T03:15:42Z,391,350,41
2025-11-04T03:15:57Z,391,350,41
2025-11-04T03:16:28Z,391,350,41
2025-11-04T03:16:58Z,391,350,41
2025-11-04T03:17:28Z,391,350,41
2025-11-04T03:17:37Z,391,350,41
2025-11-04T03:17:58Z,391,350,41
2025-11-04T03:18:29Z,391,350,41
2025-11-04T03:18:59Z,391,350,41
2025-11-04T03:19:30Z,391,350,41
2025-11-04T03:20:00Z,391,350,41
2025-11-04T03:20:30Z,391,350,41
2025-11-04T03:21:01Z,391,350,41
2025-11-04T03:21:31Z,391,350,41
2025-11-04T03:22:01Z,391,350,41
2025-11-04T03:22:04Z,391,350,41
2025-11-04T03:22:32Z,391,350,41
2025-11-04T03:23:02Z,391,350,41
2025-11-04T03:23:32Z,391,350,41
2025-11-04T03:23:58Z,391,350,41
2025-11-04T03:24:02Z,391,350,41
2025-11-04T03:24:32Z,391,350,41
2025-11-04T03:25:03Z,391,350,41
2025-11-04T03:25:33Z,391,350,41
2025-11-04T03:25:42Z,391,350,41
2025-11-04T03:26:03Z,391,350,41
2025-11-04T03:26:34Z,391,350,41
2025-11-04T03:27:04Z,391,350,41
2025-11-04T03:27:35Z,391,350,41
2025-11-04T03:27:37Z,391,350,41
2025-11-04T03:28:05Z,391,350,41
2025-11-04T03:28:35Z,391,350,41
2025-11-04T03:29:06Z,391,350,41
2025-11-04T03:29:36Z,391,350,41
2025-11-04T03:30:07Z,391,350,41
2025-11-04T03:30:37Z,391,350,41
2025-11-04T03:31:08Z,391,350,41
2025-11-04T03:31:38Z,391,350,41
2025-11-04T03:32:04Z,391,350,41
2025-11-04T03:32:08Z,391,350,41
2025-11-04T03:32:39Z,391,350,41
2025-11-04T03:33:09Z,391,350,41
2025-11-04T03:33:40Z,391,350,41
2025-11-04T03:33:59Z,391,350,41
2025-11-04T03:34:10Z,391,350,41
2025-11-04T03:34:40Z,391,350,41
2025-11-04T03:35:11Z,391,350,41
2025-11-04T03:35:41Z,391,350,41
2025-11-04T03:35:43Z,391,350,41
2025-11-04T03:36:11Z,391,350,41
2025-11-04T03:36:42Z,391,350,41
2025-11-04T03:37:12Z,391,350,41
2025-11-04T03:37:37Z,391,350,41
2025-11-04T03:37:42Z,391,350,41
2025-11-04T03:38:13Z,391,350,41
2025-11-04T03:38:43Z,391,350,41
2025-11-04T03:39:13Z,391,350,41
2025-11-04T03:39:44Z,391,350,41
2025-11-04T03:40:14Z,391,350,41
2025-11-04T03:40:45Z,391,350,41
2025-11-04T03:41:15Z,391,350,41
2025-11-04T03:41:45Z,391,350,41
2025-11-04T03:42:04Z,391,350,41
2025-11-04T03:42:16Z,391,350,41
2025-11-04T03:42:47Z,391,350,41
2025-11-04T03:43:17Z,391,350,41
2025-11-04T03:43:47Z,391,350,41
2025-11-04T03:43:59Z,391,350,41
2025-11-04T03:44:18Z,391,350,41
2025-11-04T03:44:37Z,391,350,41
2025-11-04T03:44:48Z,391,350,41
2025-11-04T03:45:06Z,391,350,41
2025-11-04T03:45:18Z,391,350,41
2025-11-04T03:45:43Z,391,350,41
2025-11-04T03:45:49Z,391,350,41
2025-11-04T03:46:08Z,391,350,41
2025-11-04T03:46:19Z,391,350,41
2025-11-04T03:46:50Z,391,350,41
2025-11-04T03:47:20Z,391,350,41
2025-11-04T03:47:33Z,391,350,41
2025-11-04T03:47:37Z,391,350,41
2025-11-04T03:47:50Z,391,350,41
2025-11-04T03:48:21Z,391,350,41
2025-11-04T03:52:04Z,391,350,41
2025-11-04T03:54:37Z,391,350,41
2025-11-04T03:55:43Z,391,350,41
2025-11-04T03:56:08Z,391,350,41
2025-11-04T03:57:16Z,391,350,41
2025-11-04T03:57:33Z,391,350,41
2025-11-04T04:00:06Z,391,350,41
2025-11-04T04:00:19Z,41.0000341741,4.15E-7,41
2025-11-04T04:01:46Z,41.0000341741,4.15E-7,41
2025-11-04T04:02:05Z,41.0000341741,4.15E-7,41
2025-11-04T04:04:27Z,41.0000341741,4.15E-7,41
2025-11-04T04:04:37Z,41.0000341741,4.15E-7,41
2025-11-04T04:06:08Z,41.0000341741,4.15E-7,41
2025-11-04T04:07:03Z,41.0000341741,4.15E-7,41
2025-11-04T04:07:16Z,41.0000341741,4.15E-7,41
2025-11-04T04:07:33Z,41.0000341741,4.15E-7,41
2025-11-04T04:10:07Z,41.0000341741,4.15E-7,41
2025-11-04T04:11:25Z,41.0000341741,4.15E-7,41
2025-11-04T04:11:46Z,41.0000341741,4.15E-7,41
2025-11-04T04:13:27Z,41.0000341741,4.15E-7,41
2025-11-04T04:14:27Z,41.0000341741,4.15E-7,41
2025-11-04T04:17:03Z,41.0000341741,4.15E-7,41
2025-11-04T04:20:07Z,41.0000341741,4.15E-7,41
2025-11-04T04:21:25Z,41.0000341741,4.15E-7,41
2025-11-04T04:21:46Z,41.0000341741,4.15E-7,41
2025-11-04T04:23:27Z,41.0000341741,4.15E-7,41
2025-11-04T04:24:27Z,41.0000341741,4.15E-7,41
2025-11-04T04:25:55Z,41.0000341741,4.15E-7,41
2025-11-04T04:27:03Z,41.0000341741,4.15E-7,41
2025-11-04T04:29:16Z,41.0000341741,4.15E-7,41
2025-11-04T04:31:26Z,41.0000341741,4.15E-7,41
2025-11-04T04:33:27Z,41.0000341741,4.15E-7,41
2025-11-04T04:35:55Z,41.0000341741,4.15E-7,41
2025-11-04T04:37:03Z,41.0000341741,4.15E-7,41
2025-11-04T04:39:16Z,41.0000341741,4.15E-7,41
2025-11-04T04:41:26Z,41.0000341741,4.15E-7,41
2025-11-04T04:43:27Z,41.0000341741,4.15E-7,41
2025-11-04T04:45:55Z,41.0000341741,4.15E-7,41
2025-11-04T04:47:03Z,41.0000341741,4.15E-7,41
2025-11-04T04:49:16Z,41.0000341741,4.15E-7,41
2025-11-04T04:51:26Z,41.0000341741,4.15E-7,41
2025-11-04T04:53:27Z,41.0000341741,4.15E-7,41
2025-11-04T04:55:55Z,41.0000341741,4.15E-7,41
2025-11-04T04:57:03Z,41.0000341741,4.15E-7,41
2025-11-04T04:59:16Z,41.0000341741,4.15E-7,41
2025-11-04T05:01:26Z,41.0000341741,4.15E-7,41
2025-11-04T05:01:58Z,41.0000341741,4.15E-7,41
2025-11-04T05:03:27Z,41.0000341741,4.15E-7,41
2025-11-04T05:05:55Z,41.0000341741,4.15E-7,41
2025-11-04T05:07:04Z,41.0000341741,4.15E-7,41
2025-11-04T05:09:17Z,41.0000341741,4.15E-7,41
2025-11-04T05:11:26Z,41.0000341741,4.15E-7,41
2025-11-04T05:11:59Z,41.0000341741,4.15E-7,41
2025-11-04T05:13:28Z,41.0000341741,4.15E-7,41
2025-11-04T05:15:55Z,41.0000341741,4.15E-7,41
2025-11-04T05:19:17Z,41.0000341741,4.15E-7,41
2025-11-04T05:21:26Z,41.0000341741,4.15E-7,41
2025-11-04T05:21:59Z,41.0000341741,4.15E-7,41
2025-11-04T05:23:28Z,41.0000341741,4.15E-7,41
2025-11-04T05:25:56Z,41.0000341741,4.15E-7,41
2025-11-04T05:29:17Z,41.0000341741,4.15E-7,41
2025-11-04T05:31:27Z,41.0000341741,4.15E-7,41
2025-11-04T05:31:59Z,41.0000341741,4.15E-7,41
2025-11-04T05:33:28Z,41.0000341741,4.15E-7,41
2025-11-04T05:35:56Z,41.0000341741,4.15E-7,41
2025-11-04T05:39:17Z,41.0000341741,4.15E-7,41
2025-11-04T05:41:27Z,41.0000341741,4.15E-7,41
2025-11-04T05:41:59Z,41.0000341741,4.15E-7,41
2025-11-04T05:43:28Z,41.0000341741,4.15E-7,41
2025-11-04T05:45:56Z,41.0000341741,4.15E-7,41
2025-11-04T05:49:18Z,41.0000341741,4.15E-7,41
2025-11-04T05:51:27Z,41.0000341741,4.15E-7,41
2025-11-04T05:51:59Z,41.0000341741,4.15E-7,41
2025-11-04T05:53:28Z,41.0000341741,4.15E-7,41
2025-11-04T05:55:56Z,41.0000341741,4.15E-7,41
2025-11-04T05:59:18Z,41.0000341741,4.15E-7,41
2025-11-04T06:01:27Z,41.0000341741,4.15E-7,41
2025-11-04T06:02:00Z,41.0000341741,4.15E-7,41
2025-11-04T06:03:29Z,41.0000341741,4.15E-7,41
2025-11-04T06:05:57Z,41.0000341741,4.15E-7,41
2025-11-04T06:09:18Z,41.0000341741,4.15E-7,41
2025-11-04T06:11:27Z,41.0000341741,4.15E-7,41
2025-11-04T06:12:00Z,41.0000341741,4.15E-7,41
2025-11-04T06:13:29Z,41.0000341741,4.15E-7,41
2025-11-04T06:15:57Z,41.0000341741,4.15E-7,41
2025-11-04T06:19:18Z,41.0000341741,4.15E-7,41
2025-11-04T06:21:28Z,41.0000341741,4.15E-7,41
2025-11-04T06:22:00Z,41.0000341741,4.15E-7,41
2025-11-04T06:23:29Z,41.0000341741,4.15E-7,41
2025-11-04T06:25:57Z,41.0000341741,4.15E-7,41
2025-11-04T06:29:18Z,41.0000341741,4.15E-7,41
2025-11-04T06:31:28Z,41.0000341741,4.15E-7,41
2025-11-04T06:32:00Z,41.0000341741,4.15E-7,41
2025-11-04T06:33:29Z,41.0000341741,4.15E-7,41
2025-11-04T06:35:57Z,41.0000341741,4.15E-7,41
2025-11-04T06:39:19Z,41.0000341741,4.15E-7,41
2025-11-04T06:41:28Z,41.0000341741,4.15E-7,41
2025-11-04T06:42:01Z,41.0000341741,4.15E-7,41
2025-11-04T06:43:30Z,41.0000341741,4.15E-7,41
2025-11-04T06:45:57Z,41.0000341741,4.15E-7,41
2025-11-04T06:49:19Z,41.0000341741,4.15E-7,41
2025-11-04T06:51:28Z,41.0000341741,4.15E-7,41
2025-11-04T06:52:01Z,41.0000341741,4.15E-7,41
2025-11-04T06:53:30Z,41.0000341741,4.15E-7,41
2025-11-04T06:55:58Z,41.0000341741,4.15E-7,41
2025-11-04T06:59:19Z,41.0000341741,4.15E-7,41
2025-11-04T07:01:29Z,41.0000341741,4.15E-7,41
2025-11-04T07:02:01Z,41.0000341741,4.15E-7,41
2025-11-04T07:03:30Z,41.0000341741,4.15E-7,41
2025-11-04T07:05:58Z,41.0000341741,4.15E-7,41
2025-11-04T07:09:20Z,41.0000341741,4.15E-7,41
2025-11-04T07:11:29Z,41.0000341741,4.15E-7,41
2025-11-04T07:12:01Z,41.0000341741,4.15E-7,41
2025-11-04T07:13:31Z,41.0000341741,4.15E-7,41
2025-11-04T07:15:58Z,41.0000341741,4.15E-7,41
2025-11-04T07:19:20Z,41.0000341741,4.15E-7,41
2025-11-04T07:21:29Z,41.0000341741,4.15E-7,41
2025-11-04T07:22:02Z,41.0000341741,4.15E-7,41
2025-11-04T07:23:31Z,41.0000341741,4.15E-7,41
2025-11-04T07:25:59Z,41.0000341741,4.15E-7,41
2025-11-04T07:29:20Z,41.0000341741,4.15E-7,41
2025-11-04T07:31:30Z,41.0000341741,4.15E-7,41
2025-11-04T07:32:02Z,41.0000341741,4.15E-7,41
2025-11-04T07:33:31Z,41.0000341741,4.15E-7,41
2025-11-04T07:35:59Z,41.0000341741,4.15E-7,41
2025-11-04T07:39:21Z,41.0000341741,4.15E-7,41
2025-11-04T07:41:30Z,41.0000341741,4.15E-7,41
2025-11-04T07:42:02Z,41.0000341741,4.15E-7,41
2025-11-04T07:43:31Z,41.0000341741,4.15E-7,41
2025-11-04T07:45:59Z,41.0000341741,4.15E-7,41
2025-11-04T07:49:21Z,41.0000341741,4.15E-7,41
2025-11-04T07:51:30Z,41.0000341741,4.15E-7,41
2025-11-04T07:52:03Z,41.0000341741,4.15E-7,41
2025-11-04T07:53:32Z,41.0000341741,4.15E-7,41
2025-11-04T07:55:59Z,41.0000341741,4.15E-7,41
2025-11-04T07:59:21Z,41.0000341741,4.15E-7,41
2025-11-04T08:01:31Z,41.0000341741,4.15E-7,41
2025-11-04T08:02:03Z,41.0000341741,4.15E-7,41
2025-11-04T08:03:32Z,41.0000341741,4.15E-7,41
2025-11-04T08:06:00Z,41.0000341741,4.15E-7,41
2025-11-04T08:09:21Z,41.0000341741,4.15E-7,41
2025-11-04T08:11:31Z,41.0000341741,4.15E-7,41
2025-11-04T08:12:03Z,41.0000341741,4.15E-7,41
2025-11-04T08:13:32Z,41.0000341741,4.15E-7,41
2025-11-04T08:16:00Z,41.0000341741,4.15E-7,41
2025-11-04T08:19:22Z,41.0000341741,4.15E-7,41
2025-11-04T08:21:31Z,41.0000341741,4.15E-7,41
2025-11-04T08:22:03Z,41.0000341741,4.15E-7,41
2025-11-04T08:23:32Z,41.0000341741,4.15E-7,41
2025-11-04T08:26:00Z,41.0000341741,4.15E-7,41
2025-11-04T08:29:22Z,41.0000341741,4.15E-7,41
2025-11-04T08:31:31Z,41.0000341741,4.15E-7,41
2025-11-04T08:32:04Z,41.0000341741,4.15E-7,41
2025-11-04T08:33:33Z,41.0000341741,4.15E-7,41
2025-11-04T08:36:01Z,41.0000341741,4.15E-7,41
2025-11-04T08:39:22Z,41.0000341741,4.15E-7,41
2025-11-04T08:41:32Z,41.0000341741,4.15E-7,41
2025-11-04T08:42:04Z,41.0000341741,4.15E-7,41
2025-11-04T08:43:33Z,41.0000341741,4.15E-7,41
2025-11-04T08:46:01Z,41.0000341741,4.15E-7,41
2025-11-04T08:49:22Z,41.0000341741,4.15E-7,41
2025-11-04T08:51:32Z,41.0000341741,4.15E-7,41
2025-11-04T08:52:04Z,41.0000341741,4.15E-7,41
2025-11-04T08:53:33Z,41.0000341741,4.15E-7,41
2025-11-04T08:56:01Z,41.0000341741,4.15E-7,41
2025-11-04T08:59:23Z,41.0000341741,4.15E-7,41
2025-11-04T09:01:32Z,41.0000341741,4.15E-7,41
2025-11-04T09:02:04Z,41.0000341741,4.15E-7,41
2025-11-04T09:03:34Z,41.0000341741,4.15E-7,41
2025-11-04T09:06:01Z,41.0000341741,4.15E-7,41
2025-11-04T09:09:23Z,41.0000341741,4.15E-7,41
2025-11-04T09:11:32Z,41.0000341741,4.15E-7,41
2025-11-04T09:12:05Z,41.0000341741,4.15E-7,41
2025-11-04T09:13:34Z,41.0000341741,4.15E-7,41
2025-11-04T09:16:02Z,41.0000341741,4.15E-7,41
2025-11-04T09:19:23Z,41.0000341741,4.15E-7,41
2025-11-04T09:21:33Z,41.0000341741,4.15E-7,41
2025-11-04T09:22:05Z,41.0000341741,4.15E-7,41
2025-11-04T09:23:34Z,41.0000341741,4.15E-7,41
2025-11-04T09:26:02Z,41.0000341741,4.15E-7,41
2025-11-04T09:29:24Z,41.0000341741,4.15E-7,41
2025-11-04T09:31:33Z,41.0000341741,4.15E-7,41
2025-11-04T09:32:05Z,41.0000341741,4.15E-7,41
2025-11-04T09:33:34Z,41.0000341741,4.15E-7,41
2025-11-04T09:36:02Z,41.0000341741,4.15E-7,41
2025-11-04T09:39:24Z,41.0000341741,4.15E-7,41
2025-11-04T09:41:33Z,41.0000341741,4.15E-7,41
2025-11-04T09:42:06Z,41.0000341741,4.15E-7,41
2025-11-04T09:43:35Z,41.0000341741,4.15E-7,41
2025-11-04T09:46:02Z,41.0000341741,4.15E-7,41
2025-11-04T09:49:24Z,41.0000341741,4.15E-7,41
2025-11-04T09:51:33Z,41.0000341741,4.15E-7,41
2025-11-04T09:52:06Z,41.0000341741,4.15E-7,41
2025-11-04T09:53:35Z,41.0000341741,4.15E-7,41
2025-11-04T09:56:03Z,41.0000341741,4.15E-7,41
2025-11-04T09:59:24Z,41.0000341741,4.15E-7,41
2025-11-04T10:01:34Z,41.0000341741,4.15E-7,41
2025-11-04T10:02:06Z,41.0000341741,4.15E-7,41
2025-11-04T10:03:35Z,41.0000341741,4.15E-7,41
2025-11-04T10:06:03Z,41.0000341741,4.15E-7,41
2025-11-04T10:09:25Z,41.0000341741,4.15E-7,41
2025-11-04T10:11:34Z,41.0000341741,4.15E-7,41
2025-11-04T10:12:07Z,41.0000341741,4.15E-7,41
2025-11-04T10:13:35Z,41.0000341741,4.15E-7,41
2025-11-04T10:16:03Z,41.0000341741,4.15E-7,41
2025-11-04T10:19:25Z,41.0000341741,4.15E-7,41
2025-11-04T10:21:34Z,41.0000341741,4.15E-7,41
2025-11-04T10:22:07Z,41.0000341741,4.15E-7,41
2025-11-04T10:23:36Z,41.0000341741,4.15E-7,41
2025-11-04T10:26:04Z,41.0000341741,4.15E-7,41
2025-11-04T10:29:25Z,41.0000341741,4.15E-7,41
2025-11-04T10:31:35Z,41.0000341741,4.15E-7,41
2025-11-04T10:32:07Z,41.0000341741,4.15E-7,41
2025-11-04T10:33:36Z,41.0000341741,4.15E-7,41
2025-11-04T10:36:04Z,41.0000341741,4.15E-7,41
2025-11-04T10:39:26Z,41.0000341741,4.15E-7,41
2025-11-04T10:41:35Z,41.0000341741,4.15E-7,41
2025-11-04T10:42:07Z,41.0000341741,4.15E-7,41
2025-11-04T10:43:36Z,41.0000341741,4.15E-7,41
2025-11-04T10:46:04Z,41.0000341741,4.15E-7,41
2025-11-04T10:49:26Z,41.0000341741,4.15E-7,41
2025-11-04T10:51:35Z,41.0000341741,4.15E-7,41
2025-11-04T10:52:08Z,41.0000341741,4.15E-7,41
2025-11-04T10:53:37Z,41.0000341741,4.15E-7,41
2025-11-04T10:56:04Z,41.0000341741,4.15E-7,41
2025-11-04T10:59:26Z,41.0000341741,4.15E-7,41
2025-11-04T11:01:35Z,41.0000341741,4.15E-7,41
2025-11-04T11:02:08Z,41.0000341741,4.15E-7,41
2025-11-04T11:03:37Z,41.0000341741,4.15E-7,41
2025-11-04T11:06:05Z,41.0000341741,4.15E-7,41
2025-11-04T11:09:26Z,41.0000341741,4.15E-7,41
2025-11-04T11:11:36Z,41.0000341741,4.15E-7,41
2025-11-04T11:12:08Z,41.0000341741,4.15E-7,41
2025-11-04T11:13:37Z,41.0000341741,4.15E-7,41
2025-11-04T11:16:05Z,41.0000341741,4.15E-7,41
2025-11-04T11:19:27Z,41.0000341741,4.15E-7,41
2025-11-04T11:21:36Z,41.0000341741,4.15E-7,41
2025-11-04T11:22:08Z,41.0000341741,4.15E-7,41
2025-11-04T11:23:37Z,41.0000341741,4.15E-7,41
2025-11-04T11:26:05Z,41.0000341741,4.15E-7,41
2025-11-04T11:29:27Z,41.0000341741,4.15E-7,41
2025-11-04T11:31:36Z,41.0000341741,4.15E-7,41
2025-11-04T11:32:09Z,41.0000341741,4.15E-7,41
2025-11-04T11:33:38Z,41.0000341741,4.15E-7,41
2025-11-04T11:36:06Z,41.0000341741,4.15E-7,41
2025-11-04T11:39:27Z,41.0000341741,4.15E-7,41
2025-11-04T11:41:37Z,41.0000341741,4.15E-7,41
2025-11-04T11:42:09Z,41.0000341741,4.15E-7,41
2025-11-04T11:43:38Z,41.0000341741,4.15E-7,41
2025-11-04T11:46:06Z,41.0000341741,4.15E-7,41
2025-11-04T11:49:28Z,41.0000341741,4.15E-7,41
2025-11-04T11:51:37Z,41.0000341741,4.15E-7,41
2025-11-04T11:52:09Z,41.0000341741,4.15E-7,41
2025-11-04T11:53:38Z,41.0000341741,4.15E-7,41
2025-11-04T11:56:06Z,41.0000341741,4.15E-7,41
2025-11-04T11:59:28Z,41.0000341741,4.15E-7,41
2025-11-04T12:01:37Z,41.0000341741,4.15E-7,41
2025-11-04T12:02:10Z,41.0000341741,4.15E-7,41
2025-11-04T12:03:38Z,41.0000341741,4.15E-7,41
2025-11-04T12:06:06Z,41.0000341741,4.15E-7,41
2025-11-04T12:09:28Z,41.0000341741,4.15E-7,41
2025-11-04T12:11:37Z,41.0000341741,4.15E-7,41
2025-11-04T12:12:10Z,41.0000341741,4.15E-7,41
2025-11-04T12:13:39Z,41.0000341741,4.15E-7,41
2025-11-04T12:16:07Z,41.0000341741,4.15E-7,41
2025-11-04T12:19:28Z,41.0000341741,4.15E-7,41
2025-11-04T12:21:38Z,41.0000341741,4.15E-7,41
2025-11-04T12:22:10Z,41.0000341741,4.15E-7,41
2025-11-04T12:23:39Z,41.0000341741,4.15E-7,41
2025-11-04T12:26:07Z,41.0000341741,4.15E-7,41
2025-11-04T12:29:29Z,41.0000341741,4.15E-7,41
2025-11-04T12:31:38Z,41.0000341741,4.15E-7,41
2025-11-04T12:32:10Z,41.0000341741,4.15E-7,41
2025-11-04T12:33:39Z,41.0000341741,4.15E-7,41
2025-11-04T12:36:07Z,41.0000341741,4.15E-7,41
2025-11-04T12:39:29Z,41.0000341741,4.15E-7,41
2025-11-04T12:41:38Z,41.0000341741,4.15E-7,41
2025-11-04T12:42:11Z,41.0000341741,4.15E-7,41
2025-11-04T12:43:39Z,41.0000341741,4.15E-7,41
2025-11-04T12:46:07Z,41.0000341741,4.15E-7,41
2025-11-04T12:49:29Z,41.0000341741,4.15E-7,41
2025-11-04T12:51:38Z,41.0000341741,4.15E-7,41
2025-11-04T12:52:11Z,41.0000341741,4.15E-7,41
2025-11-04T12:53:40Z,41.0000341741,4.15E-7,41
2025-11-04T12:56:08Z,41.0000341741,4.15E-7,41
2025-11-04T12:59:29Z,41.0000341741,4.15E-7,41
2025-11-04T13:01:38Z,41.0000341741,4.15E-7,41
2025-11-04T13:02:11Z,41.0000341741,4.15E-7,41
2025-11-04T13:03:40Z,41.0000341741,4.15E-7,41
2025-11-04T13:06:08Z,41.0000341741,4.15E-7,41
2025-11-04T13:09:29Z,41.0000341741,4.15E-7,41
2025-11-04T13:11:39Z,41.0000341741,4.15E-7,41
2025-11-04T13:12:11Z,41.0000341741,4.15E-7,41
2025-11-04T13:13:40Z,41.0000341741,4.15E-7,41
2025-11-04T13:16:08Z,41.0000341741,4.15E-7,41
2025-11-04T13:19:30Z,41.0000341741,4.15E-7,41
2025-11-04T13:21:39Z,41.0000341741,4.15E-7,41
2025-11-04T13:22:11Z,41.0000341741,4.15E-7,41
2025-11-04T13:23:40Z,41.0000341741,4.15E-7,41
2025-11-04T13:26:08Z,41.0000341741,4.15E-7,41
2025-11-04T13:29:30Z,41.0000341741,4.15E-7,41
2025-11-04T13:31:39Z,41.0000341741,4.15E-7,41
2025-11-04T13:32:12Z,41.0000341741,4.15E-7,41
2025-11-04T13:33:40Z,41.0000341741,4.15E-7,41
2025-11-04T13:36:09Z,41.0000341741,4.15E-7,41
2025-11-04T13:39:30Z,41.0000341741,4.15E-7,41
2025-11-04T13:41:39Z,41.0000341741,4.15E-7,41
2025-11-04T13:42:12Z,41.0000341741,4.15E-7,41
2025-11-04T13:43:41Z,41.0000341741,4.15E-7,41
2025-11-04T13:46:09Z,41.0000341741,4.15E-7,41
2025-11-04T13:49:30Z,41.0000341741,4.15E-7,41
2025-11-04T13:51:40Z,41.0000341741,4.15E-7,41
2025-11-04T13:52:12Z,41.0000341741,4.15E-7,41
2025-11-04T13:53:41Z,41.0000341741,4.15E-7,41
2025-11-04T13:56:09Z,41.0000341741,4.15E-7,41
2025-11-04T13:59:31Z,41.0000341741,4.15E-7,41
2025-11-04T14:01:40Z,41.0000341741,4.15E-7,41
2025-11-04T14:02:12Z,41.0000341741,4.15E-7,41
2025-11-04T14:03:41Z,41.0000341741,4.15E-7,41
2025-11-04T14:06:09Z,41.0000341741,4.15E-7,41
2025-11-04T14:09:31Z,41.0000341741,4.15E-7,41
2025-11-04T14:11:40Z,41.0000341741,4.15E-7,41
2025-11-04T14:12:13Z,41.0000341741,4.15E-7,41
2025-11-04T14:13:41Z,41.0000341741,4.15E-7,41
2025-11-04T14:16:09Z,41.0000341741,4.15E-7,41
2025-11-04T14:19:31Z,41.0000341741,4.15E-7,41
2025-11-04T14:21:40Z,41.0000341741,4.15E-7,41
2025-11-04T14:22:13Z,41.0000341741,4.15E-7,41
2025-11-04T14:23:41Z,41.0000341741,4.15E-7,41
2025-11-04T14:26:10Z,41.0000341741,4.15E-7,41
2025-11-04T14:29:31Z,41.0000341741,4.15E-7,41
2025-11-04T14:31:40Z,41.0000341741,4.15E-7,41
2025-11-04T14:32:13Z,41.0000341741,4.15E-7,41
2025-11-04T14:33:41Z,41.0000341741,4.15E-7,41
2025-11-04T14:36:10Z,41.0000341741,4.15E-7,41
2025-11-04T14:39:31Z,41.0000341741,4.15E-7,41
2025-11-04T14:41:41Z,41.0000341741,4.15E-7,41
2025-11-04T14:42:13Z,41.0000341741,4.15E-7,41
2025-11-04T14:43:42Z,41.0000341741,4.15E-7,41
2025-11-04T14:46:10Z,41.0000341741,4.15E-7,41
2025-11-04T14:49:32Z,41.0000341741,4.15E-7,41
2025-11-04T14:51:41Z,41.0000341741,4.15E-7,41
2025-11-04T14:52:14Z,41.0000341741,4.15E-7,41
2025-11-04T14:53:42Z,41.0000341741,4.15E-7,41
2025-11-04T14:56:10Z,41.0000341741,4.15E-7,41
2025-11-04T14:59:32Z,41.0000341741,4.15E-7,41
2025-11-04T15:01:41Z,41.0000341741,4.15E-7,41
2025-11-04T15:02:14Z,41.0000341741,4.15E-7,41
2025-11-04T15:03:42Z,41.0000341741,4.15E-7,41
2025-11-04T15:06:11Z,41.0000341741,4.15E-7,41
2025-11-04T15:09:32Z,41.0000341741,4.15E-7,41
2025-11-04T15:11:41Z,41.0000341741,4.15E-7,41
2025-11-04T15:12:14Z,41.0000341741,4.15E-7,41
2025-11-04T15:13:42Z,41.0000341741,4.15E-7,41
2025-11-04T15:16:11Z,41.0000341741,4.15E-7,41
2025-11-04T15:19:32Z,41.0000341741,4.15E-7,41
2025-11-04T15:21:42Z,41.0000341741,4.15E-7,41
2025-11-04T15:22:14Z,41.0000341741,4.15E-7,41
2025-11-04T15:23:42Z,41.0000341741,4.15E-7,41
2025-11-04T15:26:11Z,41.0000341741,4.15E-7,41
2025-11-04T15:29:33Z,41.0000341741,4.15E-7,41
2025-11-04T15:31:42Z,41.0000341741,4.15E-7,41
2025-11-04T15:32:14Z,41.0000341741,4.15E-7,41
2025-11-04T15:33:43Z,41.0000341741,4.15E-7,41
2025-11-04T15:36:11Z,41.0000341741,4.15E-7,41
2025-11-04T15:39:33Z,41.0000341741,4.15E-7,41
2025-11-04T15:41:42Z,41.0000341741,4.15E-7,41
2025-11-04T15:42:15Z,41.0000341741,4.15E-7,41
2025-11-04T15:43:43Z,41.0000341741,4.15E-7,41
2025-11-04T15:46:11Z,41.0000341741,4.15E-7,41
2025-11-04T15:49:33Z,41.0000341741,4.15E-7,41
2025-11-04T15:51:42Z,41.0000341741,4.15E-7,41
2025-11-04T15:52:15Z,41.0000341741,4.15E-7,41
2025-11-04T15:53:43Z,41.0000341741,4.15E-7,41
2025-11-04T15:56:12Z,41.0000341741,4.15E-7,41
2025-11-04T15:59:33Z,41.0000341741,4.15E-7,41
2025-11-04T16:01:42Z,41.0000341741,4.15E-7,41
2025-11-04T16:02:15Z,41.0000341741,4.15E-7,41
2025-11-04T16:03:43Z,41.0000341741,4.15E-7,41
2025-11-04T16:06:12Z,41.0000341741,4.15E-7,41
2025-11-04T16:09:33Z,41.0000341741,4.15E-7,41
2025-11-04T16:11:43Z,41.0000341741,4.15E-7,41
2025-11-04T16:12:15Z,41.0000341741,4.15E-7,41
2025-11-04T16:13:43Z,41.0000341741,4.15E-7,41
2025-11-04T16:16:12Z,41.0000341741,4.15E-7,41
2025-11-04T16:19:34Z,41.0000341741,4.15E-7,41
2025-11-04T16:21:43Z,41.0000341741,4.15E-7,41
2025-11-04T16:22:16Z,41.0000341741,4.15E-7,41
2025-11-04T16:23:44Z,41.0000341741,4.15E-7,41
2025-11-04T16:26:12Z,41.0000341741,4.15E-7,41
2025-11-04T16:29:34Z,41.0000341741,4.15E-7,41
2025-11-04T16:31:43Z,41.0000341741,4.15E-7,41
2025-11-04T16:32:16Z,41.0000341741,4.15E-7,41
2025-11-04T16:33:44Z,41.0000341741,4.15E-7,41
2025-11-04T16:36:13Z,41.0000341741,4.15E-7,41
2025-11-04T16:39:34Z,41.0000341741,4.15E-7,41
2025-11-04T16:41:43Z,41.0000341741,4.15E-7,41
2025-11-04T16:42:16Z,41.0000341741,4.15E-7,41
2025-11-04T16:43:44Z,41.0000341741,4.15E-7,41
2025-11-04T16:46:13Z,41.0000341741,4.15E-7,41
2025-11-04T16:49:34Z,41.0000341741,4.15E-7,41
2025-11-04T16:51:43Z,41.0000341741,4.15E-7,41
2025-11-04T16:52:16Z,41.0000341741,4.15E-7,41
2025-11-04T16:53:44Z,41.0000341741,4.15E-7,41
2025-11-04T16:56:13Z,41.0000341741,4.15E-7,41
2025-11-04T16:59:34Z,41.0000341741,4.15E-7,41
2025-11-04T17:01:44Z,41.0000341741,4.15E-7,41
2025-11-04T17:02:16Z,41.0000341741,4.15E-7,41
2025-11-04T17:03:44Z,41.0000341741,4.15E-7,41
2025-11-04T17:06:13Z,41.0000341741,4.15E-7,41
2025-11-04T17:09:34Z,41.0000341741,4.15E-7,41
2025-11-04T17:11:44Z,41.0000341741,4.15E-7,41
2025-11-04T17:12:17Z,41.0000341741,4.15E-7,41
2025-11-04T17:13:44Z,41.0000341741,4.15E-7,41
2025-11-04T17:16:13Z,41.0000341741,4.15E-7,41
2025-11-04T17:19:35Z,41.0000341741,4.15E-7,41
2025-11-04T17:21:44Z,41.0000341741,4.15E-7,41
2025-11-04T17:22:17Z,41.0000341741,4.15E-7,41
2025-11-04T17:23:45Z,41.0000341741,4.15E-7,41
2025-11-04T17:26:14Z,41.0000341741,4.15E-7,41
2025-11-04T17:29:35Z,41.0000341741,4.15E-7,41
2025-11-04T17:31:44Z,41.0000341741,4.15E-7,41
2025-11-04T17:32:17Z,41.0000341741,4.15E-7,41
2025-11-04T17:33:45Z,41.0000341741,4.15E-7,41
2025-11-04T17:36:14Z,41.0000341741,4.15E-7,41
2025-11-04T17:39:35Z,41.0000341741,4.15E-7,41
2025-11-04T17:41:45Z,41.0000341741,4.15E-7,41
2025-11-04T17:42:17Z,41.0000341741,4.15E-7,41
2025-11-04T17:43:45Z,41.0000341741,4.15E-7,41
2025-11-04T17:46:14Z,41.0000341741,4.15E-7,41
2025-11-04T17:49:36Z,41.0000341741,4.15E-7,41
2025-11-04T17:51:45Z,41.0000341741,4.15E-7,41
2025-11-04T17:52:18Z,41.0000341741,4.15E-7,41
2025-11-04T17:53:45Z,41.0000341741,4.15E-7,41
2025-11-04T17:56:14Z,41.0000341741,4.15E-7,41
2025-11-04T17:59:36Z,41.0000341741,4.15E-7,41
2025-11-04T18:01:45Z,41.0000341741,4.15E-7,41
2025-11-04T18:02:18Z,41.0000341741,4.15E-7,41
2025-11-04T18:03:46Z,41.0000341741,4.15E-7,41
2025-11-04T18:06:14Z,41.0000341741,4.15E-7,41
2025-11-04T18:09:36Z,41.0000341741,4.15E-7,41
2025-11-04T18:11:45Z,41.0000341741,4.15E-7,41
2025-11-04T18:12:18Z,41.0000341741,4.15E-7,41
2025-11-04T18:13:46Z,41.0000341741,4.15E-7,41
2025-11-04T18:16:14Z,41.0000341741,4.15E-7,41
2025-11-04T18:19:37Z,41.0000341741,4.15E-7,41
2025-11-04T18:21:45Z,41.0000341741,4.15E-7,41
2025-11-04T18:22:18Z,41.0000341741,4.15E-7,41
2025-11-04T18:23:46Z,41.0000341741,4.15E-7,41
2025-11-04T18:26:15Z,41.0000341741,4.15E-7,41
2025-11-04T18:29:37Z,41.0000341741,4.15E-7,41
2025-11-04T18:31:46Z,41.0000341741,4.15E-7,41
2025-11-04T18:32:19Z,41.0000341741,4.15E-7,41
2025-11-04T18:33:46Z,41.0000341741,4.15E-7,41
2025-11-04T18:36:15Z,41.0000341741,4.15E-7,41
2025-11-04T18:39:37Z,41.0000341741,4.15E-7,41
2025-11-04T18:41:46Z,41.0000341741,4.15E-7,41
2025-11-04T18:42:19Z,41.0000341741,4.15E-7,41
2025-11-04T18:43:46Z,41.0000341741,4.15E-7,41
2025-11-04T18:46:15Z,41.0000341741,4.15E-7,41
2025-11-04T18:49:37Z,41.0000341741,4.15E-7,41
2025-11-04T18:51:46Z,41.0000341741,4.15E-7,41
2025-11-04T18:52:19Z,41.0000341741,4.15E-7,41
2025-11-04T18:53:46Z,41.0000341741,4.15E-7,41
2025-11-04T18:56:15Z,41.0000341741,4.15E-7,41
2025-11-04T18:59:38Z,41.0000341741,4.15E-7,41
2025-11-04T19:01:46Z,41.0000341741,4.15E-7,41
2025-11-04T19:02:19Z,41.0000341741,4.15E-7,41
2025-11-04T19:03:47Z,41.0000341741,4.15E-7,41
2025-11-04T19:06:16Z,41.0000341741,4.15E-7,41
2025-11-04T19:09:38Z,41.0000341741,4.15E-7,41
2025-11-04T19:11:46Z,41.0000341741,4.15E-7,41
2025-11-04T19:12:19Z,41.0000341741,4.15E-7,41
2025-11-04T19:13:47Z,41.0000341741,4.15E-7,41
2025-11-04T19:16:16Z,41.0000341741,4.15E-7,41
2025-11-04T19:19:38Z,41.0000341741,4.15E-7,41
2025-11-04T19:21:47Z,41.0000341741,4.15E-7,41
2025-11-04T19:22:20Z,41.0000341741,4.15E-7,41
2025-11-04T19:23:47Z,41.0000341741,4.15E-7,41
2025-11-04T19:26:16Z,41.0000341741,4.15E-7,41
2025-11-04T19:29:38Z,41.0000341741,4.15E-7,41
2025-11-04T19:31:47Z,41.0000341741,4.15E-7,41
2025-11-04T19:32:20Z,41.0000341741,4.15E-7,41
2025-11-04T19:33:47Z,41.0000341741,4.15E-7,41
2025-11-04T19:36:16Z,41.0000341741,4.15E-7,41
2025-11-04T19:39:38Z,41.0000341741,4.15E-7,41
2025-11-04T19:41:47Z,41.0000341741,4.15E-7,41
2025-11-04T19:42:20Z,41.0000341741,4.15E-7,41
2025-11-04T19:43:47Z,41.0000341741,4.15E-7,41
2025-11-04T19:46:17Z,41.0000341741,4.15E-7,41
2025-11-04T19:49:38Z,41.0000341741,4.15E-7,41
2025-11-04T19:51:47Z,41.0000341741,4.15E-7,41
2025-11-04T19:52:20Z,41.0000341741,4.15E-7,41
2025-11-04T19:53:48Z,41.0000341741,4.15E-7,41
2025-11-04T19:56:18Z,41.0000341741,4.15E-7,41
2025-11-04T19:59:39Z,41.0000341741,4.15E-7,41
2025-11-04T20:01:48Z,41.0000341741,4.15E-7,41
2025-11-04T20:02:20Z,41.0000341741,4.15E-7,41
2025-11-04T20:03:48Z,41.0000341741,4.15E-7,41
2025-11-04T20:06:18Z,41.0000341741,4.15E-7,41
2025-11-04T20:09:39Z,41.0000341741,4.15E-7,41
2025-11-04T20:11:48Z,41.0000341741,4.15E-7,41
2025-11-04T20:12:21Z,41.0000341741,4.15E-7,41
2025-11-04T20:13:48Z,41.0000341741,4.15E-7,41
2025-11-04T20:16:18Z,41.0000341741,4.15E-7,41
2025-11-04T20:19:39Z,41.0000341741,4.15E-7,41
2025-11-04T20:21:48Z,41.0000341741,4.15E-7,41
2025-11-04T20:22:21Z,41.0000341741,4.15E-7,41
2025-11-04T20:23:48Z,41.0000341741,4.15E-7,41
2025-11-04T20:26:18Z,41.0000341741,4.15E-7,41
2025-11-04T20:29:39Z,41.0000341741,4.15E-7,41
2025-11-04T20:31:48Z,41.0000341741,4.15E-7,41
2025-11-04T20:32:21Z,41.0000341741,4.15E-7,41
2025-11-04T20:33:49Z,41.0000341741,4.15E-7,41
2025-11-04T20:36:19Z,41.0000341741,4.15E-7,41
2025-11-04T20:39:39Z,41.0000341741,4.15E-7,41
2025-11-04T20:41:48Z,41.0000341741,4.15E-7,41
2025-11-04T20:42:21Z,41.0000341741,4.15E-7,41
2025-11-04T20:43:49Z,41.0000341741,4.15E-7,41
2025-11-04T20:46:19Z,41.0000341741,4.15E-7,41
2025-11-04T20:49:40Z,41.0000341741,4.15E-7,41
2025-11-04T20:51:49Z,41.0000341741,4.15E-7,41
2025-11-04T20:52:21Z,41.0000341741,4.15E-7,41
2025-11-04T20:53:49Z,41.0000341741,4.15E-7,41
2025-11-04T20:56:19Z,41.0000341741,4.15E-7,41
2025-11-04T20:59:40Z,41.0000341741,4.15E-7,41
2025-11-04T21:01:49Z,41.0000341741,4.15E-7,41
2025-11-04T21:02:22Z,41.0000341741,4.15E-7,41
2025-11-04T21:03:49Z,41.0000341741,4.15E-7,41
2025-11-04T21:06:19Z,41.0000341741,4.15E-7,41
2025-11-04T21:09:40Z,41.0000341741,4.15E-7,41
2025-11-04T21:11:49Z,41.0000341741,4.15E-7,41
2025-11-04T21:12:22Z,41.0000341741,4.15E-7,41
2025-11-04T21:13:49Z,41.0000341741,4.15E-7,41
2025-11-04T21:16:19Z,41.0000341741,4.15E-7,41
2025-11-04T21:19:40Z,41.0000341741,4.15E-7,41
2025-11-04T21:21:49Z,41.0000341741,4.15E-7,41
2025-11-04T21:22:22Z,41.0000341741,4.15E-7,41
2025-11-04T21:23:50Z,41.0000341741,4.15E-7,41
2025-11-04T21:26:20Z,41.0000341741,4.15E-7,41
2025-11-04T21:29:41Z,41.0000341741,4.15E-7,41
2025-11-04T21:31:49Z,41.0000341741,4.15E-7,41
2025-11-04T21:32:22Z,41.0000341741,4.15E-7,41
2025-11-04T21:33:50Z,41.0000341741,4.15E-7,41
2025-11-04T21:36:20Z,41.0000341741,4.15E-7,41
2025-11-04T21:39:41Z,41.0000341741,4.15E-7,41
2025-11-04T21:41:50Z,41.0000341741,4.15E-7,41
2025-11-04T21:42:22Z,41.0000341741,4.15E-7,41
2025-11-04T21:43:50Z,41.0000341741,4.15E-7,41
2025-11-04T21:46:20Z,41.0000341741,4.15E-7,41
2025-11-04T21:49:41Z,41.0000341741,4.15E-7,41
2025-11-04T21:51:50Z,41.0000341741,4.15E-7,41
2025-11-04T21:52:23Z,41.0000341741,4.15E-7,41
2025-11-04T21:53:50Z,41.0000341741,4.15E-7,41
2025-11-04T21:56:20Z,41.0000341741,4.15E-7,41
2025-11-04T21:59:42Z,41.0000341741,4.15E-7,41
2025-11-04T22:01:50Z,41.0000341741,4.15E-7,41
2025-11-04T22:02:23Z,41.0000341741,4.15E-7,41
2025-11-04T22:03:51Z,41.0000341741,4.15E-7,41
2025-11-04T22:06:21Z,41.0000341741,4.15E-7,41
2025-11-04T22:09:42Z,41.0000341741,4.15E-7,41
2025-11-04T22:11:50Z,41.0000341741,4.15E-7,41
2025-11-04T22:12:23Z,41.0000341741,4.15E-7,41
2025-11-04T22:13:51Z,41.0000341741,4.15E-7,41
2025-11-04T22:16:21Z,41.0000341741,4.15E-7,41
2025-11-04T22:19:42Z,41.0000341741,4.15E-7,41
2025-11-04T22:21:51Z,41.0000341741,4.15E-7,41
2025-11-04T22:22:24Z,41.0000341741,4.15E-7,41
2025-11-04T22:23:51Z,41.0000341741,4.15E-7,41
2025-11-04T22:26:21Z,41.0000341741,4.15E-7,41
2025-11-04T22:29:42Z,41.0000341741,4.15E-7,41
2025-11-04T22:31:51Z,41.0000341741,4.15E-7,41
2025-11-04T22:32:24Z,41.0000341741,4.15E-7,41
2025-11-04T22:33:52Z,41.0000341741,4.15E-7,41
2025-11-04T22:36:22Z,41.0000341741,4.15E-7,41
2025-11-04T22:39:43Z,41.0000341741,4.15E-7,41
2025-11-04T22:41:51Z,41.0000341741,4.15E-7,41
2025-11-04T22:42:24Z,41.0000341741,4.15E-7,41
2025-11-04T22:43:52Z,41.0000341741,4.15E-7,41
2025-11-04T22:46:22Z,41.0000341741,4.15E-7,41
2025-11-04T22:49:43Z,41.0000341741,4.15E-7,41
2025-11-04T22:51:52Z,41.0000341741,4.15E-7,41
2025-11-04T22:52:24Z,41.0000341741,4.15E-7,41
2025-11-04T22:53:52Z,41.0000341741,4.15E-7,41
2025-11-04T22:56:22Z,41.0000341741,4.15E-7,41
2025-11-04T22:59:43Z,41.0000341741,4.15E-7,41
2025-11-04T23:01:52Z,41.0000341741,4.15E-7,41
2025-11-04T23:02:25Z,41.0000341741,4.15E-7,41
2025-11-04T23:03:53Z,41.0000341741,4.15E-7,41
2025-11-04T23:06:22Z,41.0000341741,4.15E-7,41
2025-11-04T23:09:44Z,41.0000341741,4.15E-7,41
2025-11-04T23:11:52Z,41.0000341741,4.15E-7,41
2025-11-04T23:12:25Z,41.0000341741,4.15E-7,41
2025-11-04T23:13:53Z,41.0000341741,4.15E-7,41
2025-11-04T23:16:23Z,41.0000341741,4.15E-7,41
2025-11-04T23:19:44Z,41.0000341741,4.15E-7,41
2025-11-04T23:21:52Z,41.0000341741,4.15E-7,41
2025-11-04T23:22:25Z,41.0000341741,4.15E-7,41
2025-11-04T23:23:53Z,41.0000341741,4.15E-7,41
2025-11-04T23:26:23Z,41.0000341741,4.15E-7,41
2025-11-04T23:29:44Z,41.0000341741,4.15E-7,41
2025-11-04T23:31:53Z,41.0000341741,4.15E-7,41
2025-11-04T23:32:26Z,41.0000341741,4.15E-7,41
2025-11-04T23:33:53Z,41.0000341741,4.15E-7,41
2025-11-04T23:36:23Z,41.0000341741,4.15E-7,41
2025-11-04T23:39:44Z,41.0000341741,4.15E-7,41
2025-11-04T23:41:53Z,41.0000341741,4.15E-7,41
2025-11-04T23:42:26Z,41.0000341741,4.15E-7,41
2025-11-04T23:43:54Z,41.0000341741,4.15E-7,41
2025-11-04T23:46:23Z,41.0000341741,4.15E-7,41
2025-11-04T23:49:45Z,41.0000341741,4.15E-7,41
2025-11-04T23:51:53Z,41.0000341741,4.15E-7,41
2025-11-04T23:52:26Z,41.0000341741,4.15E-7,41
2025-11-04T23:53:54Z,41.0000341741,4.15E-7,41
2025-11-04T23:56:24Z,41.0000341741,4.15E-7,41
2025-11-04T23:59:45Z,41.0000341741,4.15E-7,41
2025-11-05T00:01:53Z,41.0000341741,4.15E-7,41
2025-11-05T00:02:26Z,41.0000341741,4.15E-7,41
2025-11-05T00:03:54Z,41.0000341741,4.15E-7,41
2025-11-05T00:06:24Z,41.0000341741,4.15E-7,41
2025-11-05T00:09:45Z,41.0000341741,4.15E-7,41
2025-11-05T00:11:54Z,41.0000341741,4.15E-7,41
2025-11-05T00:12:27Z,41.0000341741,4.15E-7,41
2025-11-05T00:13:54Z,41.0000341741,4.15E-7,41
2025-11-05T00:16:24Z,41.0000341741,4.15E-7,41
2025-11-05T00:19:46Z,41.0000341741,4.15E-7,41
2025-11-05T00:21:54Z,41.0000341741,4.15E-7,41
2025-11-05T00:22:27Z,41.0000341741,4.15E-7,41
2025-11-05T00:23:55Z,41.0000341741,4.15E-7,41
2025-11-05T00:26:24Z,41.0000341741,4.15E-7,41
2025-11-05T00:29:46Z,41.0000341741,4.15E-7,41
2025-11-05T00:31:54Z,41.0000341741,4.15E-7,41
2025-11-05T00:32:27Z,41.0000341741,4.15E-7,41
2025-11-05T00:33:55Z,41.0000341741,4.15E-7,41
2025-11-05T00:36:25Z,41.0000341741,4.15E-7,41
2025-11-05T00:39:46Z,41.0000341741,4.15E-7,41
2025-11-05T00:41:54Z,41.0000341741,4.15E-7,41
2025-11-05T00:42:27Z,41.0000341741,4.15E-7,41
2025-11-05T00:43:55Z,41.0000341741,4.15E-7,41
2025-11-05T00:46:25Z,41.0000341741,4.15E-7,41
2025-11-05T00:49:46Z,41.0000341741,4.15E-7,41
2025-11-05T00:51:55Z,41.0000341741,4.15E-7,41
2025-11-05T00:52:27Z,41.0000341741,4.15E-7,41
2025-11-05T00:53:55Z,41.0000341741,4.15E-7,41
2025-11-05T00:56:25Z,41.0000341741,4.15E-7,41
2025-11-05T00:59:47Z,41.0000341741,4.15E-7,41
2025-11-05T01:01:55Z,41.0000341741,4.15E-7,41
2025-11-05T01:02:28Z,41.0000341741,4.15E-7,41
2025-11-05T01:03:55Z,41.0000341741,4.15E-7,41
2025-11-05T01:06:25Z,41.0000341741,4.15E-7,41
2025-11-05T01:09:47Z,41.0000341741,4.15E-7,41
2025-11-05T01:11:55Z,41.0000341741,4.15E-7,41
2025-11-05T01:12:28Z,41.0000341741,4.15E-7,41
2025-11-05T01:13:56Z,41.0000341741,4.15E-7,41
2025-11-05T01:16:25Z,41.0000341741,4.15E-7,41
2025-11-05T01:19:47Z,41.0000341741,4.15E-7,41
2025-11-05T01:21:55Z,41.0000341741,4.15E-7,41
2025-11-05T01:22:28Z,41.0000341741,4.15E-7,41
2025-11-05T01:23:56Z,41.0000341741,4.15E-7,41
2025-11-05T01:26:26Z,41.0000341741,4.15E-7,41
2025-11-05T01:29:47Z,41.0000341741,4.15E-7,41
2025-11-05T01:31:55Z,41.0000341741,4.15E-7,41
2025-11-05T01:32:28Z,41.0000341741,4.15E-7,41
2025-11-05T01:33:56Z,41.0000341741,4.15E-7,41
2025-11-05T01:36:26Z,41.0000341741,4.15E-7,41
2025-11-05T01:39:48Z,41.0000341741,4.15E-7,41
2025-11-05T01:41:55Z,41.0000341741,4.15E-7,41
2025-11-05T01:42:28Z,41.0000341741,4.15E-7,41
2025-11-05T01:43:56Z,41.0000341741,4.15E-7,41
2025-11-05T01:46:26Z,41.0000341741,4.15E-7,41
2025-11-05T01:49:48Z,41.0000341741,4.15E-7,41
2025-11-05T01:51:56Z,41.0000341741,4.15E-7,41
2025-11-05T01:52:29Z,41.0000341741,4.15E-7,41
2025-11-05T01:53:57Z,41.0000341741,4.15E-7,41
2025-11-05T01:56:26Z,41.0000341741,4.15E-7,41
2025-11-05T01:59:48Z,41.0000341741,4.15E-7,41
2025-11-05T02:01:56Z,41.0000341741,4.15E-7,41
2025-11-05T02:02:29Z,41.0000341741,4.15E-7,41
2025-11-05T02:03:57Z,41.0000341741,4.15E-7,41
2025-11-05T02:06:27Z,41.0000341741,4.15E-7,41
2025-11-05T02:09:48Z,41.0000341741,4.15E-7,41
2025-11-05T02:11:56Z,41.0000341741,4.15E-7,41
2025-11-05T02:12:30Z,41.0000341741,4.15E-7,41
2025-11-05T02:13:57Z,41.0000341741,4.15E-7,41
2025-11-05T02:16:27Z,41.0000341741,4.15E-7,41
2025-11-05T02:19:48Z,41.0000341741,4.15E-7,41
2025-11-05T02:21:56Z,41.0000341741,4.15E-7,41
2025-11-05T02:22:30Z,41.0000341741,4.15E-7,41
2025-11-05T02:23:57Z,41.0000341741,4.15E-7,41
2025-11-05T02:26:27Z,41.0000341741,4.15E-7,41
2025-11-05T02:29:48Z,41.0000341741,4.15E-7,41
